{
  "roles":[
      {
          "name":"admin",
          "permissions":[
              "create_record",
              "read_record",
              "update_record",
              "delete_record"
          ]
      },
      {
          "name": "manager",
          "permissions": [
              "create_record",
              "read_record",
              "update_record"
          ]
      },
      {
          "name": "employee",
          "permissions": [
              "create_record",
              "read_record"
          ]
      }
  ]
}